year	layer	umap_x	umap_y	style__compression_total	style__meme_vocab_hits	style__meme_vocab_density	style__analogy_density	style__parenthetical_density	style__spread_score	style__avg_sentence_len	style__avg_char_per_word	style__pct_questions	style__pct_first_person	style__pct_math_sentences	style__compression_framing	style__numbered_structure	style__X_vs_y_frame	style__possible_futures	style__self_ref	style__demystification	style__compression_framing	style__numbered_structure	style__X_vs_y_frame	style__possible_futures	style__self_ref	style__demystification	emb__d0	emb__d1	emb__d2	emb__d3	emb__d4	emb__d5	emb__d6	emb__d7	emb__d8	emb__d9	emb__d10	emb__d11	emb__d12	emb__d13	emb__d14	emb__d15	emb__d16	emb__d17	emb__d18	emb__d19	emb__d20	emb__d21	emb__d22	emb__d23	emb__d24	emb__d25	emb__d26	emb__d27	emb__d28	emb__d29	emb__d30	emb__d31	emb__d32	emb__d33	emb__d34	emb__d35	emb__d36	emb__d37	emb__d38	emb__d39	emb__d40	emb__d41	emb__d42	emb__d43	emb__d44	emb__d45	emb__d46	emb__d47	emb__d48	emb__d49	emb__d50	emb__d51	emb__d52	emb__d53	emb__d54	emb__d55	emb__d56	emb__d57	emb__d58	emb__d59	emb__d60	emb__d61	emb__d62	emb__d63	emb__d64	emb__d65	emb__d66	emb__d67	emb__d68	emb__d69	emb__d70	emb__d71	emb__d72	emb__d73	emb__d74	emb__d75	emb__d76	emb__d77	emb__d78	emb__d79	emb__d80	emb__d81	emb__d82	emb__d83	emb__d84	emb__d85	emb__d86	emb__d87	emb__d88	emb__d89	emb__d90	emb__d91	emb__d92	emb__d93	emb__d94	emb__d95	emb__d96	emb__d97	emb__d98	emb__d99	emb__d100	emb__d101	emb__d102	emb__d103	emb__d104	emb__d105	emb__d106	emb__d107	emb__d108	emb__d109	emb__d110	emb__d111	emb__d112	emb__d113	emb__d114	emb__d115	emb__d116	emb__d117	emb__d118	emb__d119	emb__d120	emb__d121	emb__d122	emb__d123	emb__d124	emb__d125	emb__d126	emb__d127	emb__d128	emb__d129	emb__d130	emb__d131	emb__d132	emb__d133	emb__d134	emb__d135	emb__d136	emb__d137	emb__d138	emb__d139	emb__d140	emb__d141	emb__d142	emb__d143	emb__d144	emb__d145	emb__d146	emb__d147	emb__d148	emb__d149	emb__d150	emb__d151	emb__d152	emb__d153	emb__d154	emb__d155	emb__d156	emb__d157	emb__d158	emb__d159	emb__d160	emb__d161	emb__d162	emb__d163	emb__d164	emb__d165	emb__d166	emb__d167	emb__d168	emb__d169	emb__d170	emb__d171	emb__d172	emb__d173	emb__d174	emb__d175	emb__d176	emb__d177	emb__d178	emb__d179	emb__d180	emb__d181	emb__d182	emb__d183	emb__d184	emb__d185	emb__d186	emb__d187	emb__d188	emb__d189	emb__d190	emb__d191	emb__d192	emb__d193	emb__d194	emb__d195	emb__d196	emb__d197	emb__d198	emb__d199	emb__d200	emb__d201	emb__d202	emb__d203	emb__d204	emb__d205	emb__d206	emb__d207	emb__d208	emb__d209	emb__d210	emb__d211	emb__d212	emb__d213	emb__d214	emb__d215	emb__d216	emb__d217	emb__d218	emb__d219	emb__d220	emb__d221	emb__d222	emb__d223	emb__d224	emb__d225	emb__d226	emb__d227	emb__d228	emb__d229	emb__d230	emb__d231	emb__d232	emb__d233	emb__d234	emb__d235	emb__d236	emb__d237	emb__d238	emb__d239	emb__d240	emb__d241	emb__d242	emb__d243	emb__d244	emb__d245	emb__d246	emb__d247	emb__d248	emb__d249	emb__d250	emb__d251	emb__d252	emb__d253	emb__d254	emb__d255	emb__d256	emb__d257	emb__d258	emb__d259	emb__d260	emb__d261	emb__d262	emb__d263	emb__d264	emb__d265	emb__d266	emb__d267	emb__d268	emb__d269	emb__d270	emb__d271	emb__d272	emb__d273	emb__d274	emb__d275	emb__d276	emb__d277	emb__d278	emb__d279	emb__d280	emb__d281	emb__d282	emb__d283	emb__d284	emb__d285	emb__d286	emb__d287	emb__d288	emb__d289	emb__d290	emb__d291	emb__d292	emb__d293	emb__d294	emb__d295	emb__d296	emb__d297	emb__d298	emb__d299	emb__d300	emb__d301	emb__d302	emb__d303	emb__d304	emb__d305	emb__d306	emb__d307	emb__d308	emb__d309	emb__d310	emb__d311	emb__d312	emb__d313	emb__d314	emb__d315	emb__d316	emb__d317	emb__d318	emb__d319	emb__d320	emb__d321	emb__d322	emb__d323	emb__d324	emb__d325	emb__d326	emb__d327	emb__d328	emb__d329	emb__d330	emb__d331	emb__d332	emb__d333	emb__d334	emb__d335	emb__d336	emb__d337	emb__d338	emb__d339	emb__d340	emb__d341	emb__d342	emb__d343	emb__d344	emb__d345	emb__d346	emb__d347	emb__d348	emb__d349	emb__d350	emb__d351	emb__d352	emb__d353	emb__d354	emb__d355	emb__d356	emb__d357	emb__d358	emb__d359	emb__d360	emb__d361	emb__d362	emb__d363	emb__d364	emb__d365	emb__d366	emb__d367	emb__d368	emb__d369	emb__d370	emb__d371	emb__d372	emb__d373	emb__d374	emb__d375	emb__d376	emb__d377	emb__d378	emb__d379	emb__d380	emb__d381	emb__d382	emb__d383
2016	style	18.000444	14.32729	14.0	3.0	0.0007	0.0719	0.2878	7.5957	0.0	0.0	0.0	0.0	0.0	0.0	0.0	0.0	0.0	0.0	0.0	1.0	0.0	0.0	0.0	0.0	2.0
2017	style	19.088181	14.584271	154.0	12.0	0.0002	0.0505	0.305	77.5291	0.0	0.0	0.0	0.0	0.0	0.0	0.0	0.0	0.0	0.0	0.0	1.0	0.0	0.0	0.0	0.0	7.0
2018	style	18.473282	15.091339	78.0	4.0	0.0002	0.05	0.3387	39.5923	0.0	0.0	0.0	0.0	0.0	0.0	0.0	0.0	0.0	0.0	0.0	1.0	0.0	0.0	4.0	0.0	3.0
2019	style	20.334215	13.443296	111.0	10.0	0.0003	0.0455	0.3062	56.0506	0.0	0.0	0.0	0.0	0.0	0.0	0.0	0.0	0.0	0.0	0.0	0.0	0.0	0.0	0.0	0.0	7.0
2020	style	20.540142	11.595864	110.0	13.0	0.0005	0.0447	0.2662	55.5702	0.0	0.0	0.0	0.0	0.0	0.0	0.0	0.0	0.0	0.0	0.0	0.0	4.0	0.0	0.0	0.0	5.0
2021	style	20.788673	12.633539	215.0	16.0	0.0003	0.0423	0.197	107.962	0.0	0.0	0.0	0.0	0.0	0.0	0.0	0.0	0.0	0.0	0.0	0.0	0.0	0.0	1.0	0.0	7.0
2022	style	19.246187	11.759753	206.0	21.0	0.0004	0.055	0.1307	103.4462	0.0	0.0	0.0	0.0	0.0	0.0	0.0	0.0	0.0	0.0	0.0	0.0	0.0	0.0	0.0	0.0	7.0
2023	style	18.312063	12.368782	171.0	27.0	0.0006	0.0667	0.1195	85.9082	0.0	0.0	0.0	0.0	0.0	0.0	0.0	0.0	0.0	0.0	0.0	0.0	0.0	0.0	0.0	5.0	7.0
2024	style	20.751299	10.951035	312.0	38.0	0.0004	0.0594	0.1648	156.4266	0.0	0.0	0.0	0.0	0.0	0.0	0.0	0.0	0.0	0.0	0.0	0.0	2.0	0.0	0.0	5.0	12.0
2025	style	19.849251	10.901832	286.0	23.0	0.0004	0.0655	0.1702	143.4505	0.0	0.0	0.0	0.0	0.0	0.0	0.0	0.0	0.0	0.0	0.0	1.0	2.0	0.0	0.0	36.0	18.0
2026	style	17.736111	13.323645	36.0	5.0	0.0006	0.0463	0.1253	18.3331	0.0	0.0	0.0	0.0	0.0	0.0	0.0	0.0	0.0	0.0	0.0	0.0	0.0	0.0	0.0	0.0	0.0
2016	embed	8.876907	23.408482	-0.031621	0.017584	-0.029222	-0.00388	0.012948	-0.025819	0.001893	-0.014324	0.020274	0.012177	0.005982	-0.007276	0.035318	0.012002	0.002589	0.013243	-0.039041	0.002341	-0.010836	-0.014194	-0.00728	-0.047128	-0.037083	0.010665	0.022495	0.004221	-0.001866	0.006269	0.023373	-0.011397	-0.010315	0.019256	0.011525	0.002294	-0.021118	0.036349	0.010308	0.008617	-0.007118	-0.005242	0.015831	-0.020313	0.000264	0.001603	-0.016174	0.01727	-0.002663	0.011026	-0.0267	-0.043763	0.001481	0.000184	-0.026411	0.019347	0.010819	-0.019396	-0.021036	0.007207	0.004651	-0.005944	0.003994	-0.010653	-0.024756	0.020749	0.071303	-0.006655	0.000154	-0.00029	-0.030255	0.040651	-0.013492	-0.012962	-0.017142	-0.002796	0.017845	0.006802	0.004346	-0.020036	0.003182	0.005838	0.008645	0.004036	0.007661	0.008408	0.011957	-0.008745	-0.030456	-0.015193	0.045281	0.007011	0.010572	0.009344	0.022262	0.003107	0.013395	0.011703	0.007681	-0.003484	-0.005142	0.036029	0.004938	0.009309	-0.009677	-0.048041	0.001197	0.005989	0.010259	-0.004866	-0.005307	-0.011867	-0.015241	-0.021201	0.024342	0.003213	-0.009958	0.007093	-0.003306	0.022315	0.014139	-0.016349	0.002739	0.003854	0.002781	0.007467	-0.006546	-0.004539	-0.034669	-0.0	-0.033455	0.028632	0.005836	-0.017909	-0.02059	0.019914	-0.001251	0.001816	-0.02321	0.016945	-0.017961	0.003639	0.029225	0.009526	0.026371	-0.005215	0.002132	0.011689	0.012089	-0.009738	0.031583	-0.028186	-0.020233	-0.000999	0.018715	-0.007813	0.023846	-0.008158	0.014403	0.002387	-0.02494	0.021724	-0.01694	0.020348	0.020435	0.049158	0.032733	-0.035516	0.02147	-0.047316	-0.014944	-0.012337	-0.001579	-0.004565	0.014764	-0.00215	-0.015393	0.009668	-0.023756	0.001207	-0.015452	0.014899	0.003221	-0.018027	0.004847	-0.014146	-0.011551	0.01149	-0.008562	0.048145	-0.018456	-0.007798	-0.025551	0.001322	-0.036953	0.036891	-0.03987	-0.031304	0.001092	0.034523	-0.03132	0.020764	-0.007161	0.003125	0.011276	-0.016959	-0.003914	-0.008218	0.020502	0.000629	-0.032615	0.001875	0.009914	0.021968	0.014568	-0.022825	0.001993	-0.021016	-0.023931	-0.006942	-0.026678	-0.025392	0.031998	0.028205	0.001207	-0.0	-0.03899	-0.017953	-0.010953	0.017814	-0.021647	-0.010182	0.001933	-0.047987	-0.000974	0.016955	-0.003634	0.000968	-0.012626	-0.002569	0.003723	-0.011777	-0.008024	-0.002213	0.005926	-0.004311	0.022644	0.051899	-0.03035	0.027608	0.005838	0.015374	-0.008606	-0.012788	0.026948	0.030351	-0.019963	-0.04979	-0.011782	-0.014731	-0.011739	0.011164	0.014056	-0.00125	-0.008963	-0.012779	0.006779	-0.016945	-0.013315	-0.005307	0.007861	0.003209	0.021238	0.0317	0.00277	-0.00628	0.008138	-0.011318	0.001566	0.003026	-0.024092	0.021903	-0.002558	0.01422	0.033743	-0.016119	-0.013486	-0.006744	0.018778	0.03311	0.020372	-0.008324	0.000363	0.024958	-0.003434	-0.002007	0.046183	0.006807	-0.03656	-0.008478	-0.017559	-0.001119	0.007143	-0.009618	-0.006405	0.002766	0.024553	0.006258	0.035226	0.010277	-0.006125	-0.011962	0.047149	0.004435	0.004268	0.000803	-0.027453	0.009998	0.004406	0.019569	-0.016951	-0.0	-0.00905	-0.024867	0.004882	-0.0004	0.014767	-0.008681	0.02394	-0.022247	-0.012887	-0.006348	0.019869	0.008781	-0.024372	-0.008216	0.024813	0.022734	-0.008414	0.000219	-0.036535	-0.017714	-0.009484	0.002211	-0.028066	0.001562	0.0006	0.002324	-0.008624	0.015655	0.030697	0.018854	-0.00767	-0.00653	0.017442	0.019632	-0.003607	0.04202	-0.022104	0.014755	0.013926	-0.006372	-0.048482	-0.007701	0.001813	0.025971	0.00021	-0.013456	-0.040652	-0.024661	-0.018247	-0.006926	-0.000997	0.008392	-0.001135	0.000449	0.017463	-0.003044	-0.000445	-0.010735	-0.004218	0.0171	0.021055	0.01372	0.048455	0.007765
2017	embed	8.588296	21.946501	-0.024387	0.014053	-0.012771	-0.006506	0.011662	-0.020584	-0.000216	0.008608	0.024269	0.009041	0.016221	0.01863	0.019478	0.006723	0.006168	-0.008921	-0.001324	-0.00192	-0.018934	0.000396	-0.008595	-0.055311	-0.023759	0.01058	0.00712	-0.015339	-0.00295	0.000267	0.021787	-0.029276	-0.001332	0.027396	0.007964	0.004205	-0.010271	0.013178	0.00244	0.009164	-0.007363	-0.007295	0.013465	-0.026951	-0.014085	0.003399	-0.021707	0.00458	-0.000163	0.018647	-0.030961	-0.017106	-0.005452	0.000613	-0.02103	0.010017	0.007522	-0.018719	-0.013856	-0.007423	0.002355	0.004182	0.01018	-0.004952	-0.028172	0.006948	0.071953	0.003681	0.010688	-0.007313	-0.033404	0.02851	0.018069	-0.016163	-0.034567	0.002246	0.012389	0.001692	-0.009328	-0.005042	0.000148	-0.005849	-0.008489	-0.0022	0.000884	-0.016502	0.011838	-0.019382	-0.012522	-0.026375	0.037763	-0.00998	0.001786	0.014914	0.027428	0.001612	0.003473	0.016013	-0.006476	0.009639	0.009267	0.030855	0.003192	0.020234	-0.015937	-0.030362	0.003429	-0.015918	0.001076	0.001404	0.003343	-0.004359	-0.010137	-0.006877	0.030719	0.002168	-0.021098	0.01206	-0.01328	0.018082	0.005752	0.000121	0.012355	0.006778	0.008814	-0.000852	-0.010638	0.004429	-0.018494	-0.0	-0.023631	0.001661	0.006294	-0.020296	0.00187	0.008909	-0.027906	-0.002874	-0.0168	-0.000799	-0.006007	0.005492	0.034765	0.015277	0.037506	-0.027174	0.00408	0.031246	0.033598	-0.014172	0.032044	-0.023413	0.001551	-0.010518	0.010325	0.00999	0.008758	0.002483	0.028787	0.011029	-0.014506	0.014299	-0.001467	0.010504	0.001731	0.049433	0.013844	-0.033933	0.009761	-0.040503	-0.023067	0.004733	-0.008123	-0.004088	-0.009576	0.003666	0.000281	-0.004544	-0.034995	0.008374	-0.000151	0.017471	-0.004073	-0.01057	0.016933	-0.020184	-0.012127	-0.004858	-0.007525	0.046879	0.000937	0.005115	-0.026831	0.012715	-0.043863	0.044233	-0.009748	-0.01968	0.002728	0.020111	-0.017977	0.021785	-0.011276	-0.000112	-0.014656	-0.024134	-0.004326	0.005348	0.025833	-0.001192	-0.024237	-0.017119	0.014476	0.015931	-0.002678	-0.014742	0.009866	-0.003347	-0.031212	-0.004567	-0.01493	-0.017877	0.029033	0.023827	0.022051	-0.0	-0.048212	-0.018184	-0.009176	0.038013	-0.00418	-0.006388	-0.001825	-0.043606	-0.002879	0.019617	-0.010024	-0.002448	0.004285	0.005253	-0.002256	-0.027238	0.00226	-0.003063	0.014833	-0.001684	0.021812	0.034536	-0.024777	0.036584	0.006202	0.020586	-0.03929	-0.020105	0.006206	0.016674	-0.019867	-0.037686	-0.03147	-0.024323	-0.018601	0.005621	0.005742	0.025901	-0.004104	0.009527	0.015037	-0.014132	-0.014944	-0.008909	-0.001381	0.003131	0.021824	0.012147	0.016406	-0.007154	0.01374	0.003218	0.015437	0.008862	-0.038299	0.026745	0.014984	0.019401	0.01443	0.005997	-0.00029	-0.000195	0.011847	0.033299	0.018389	-0.006726	-0.011358	0.000731	0.010677	-0.00771	0.036911	0.001894	-0.029903	0.000625	-0.005879	0.011722	0.002284	-0.013113	-0.004683	0.000969	-0.011456	0.012649	0.022719	-0.003444	0.003809	-0.027884	0.016468	-0.022014	0.00087	0.00064	-0.033258	-0.005846	0.005793	0.007679	-0.026788	-0.0	-0.006985	-0.020917	0.019864	0.011576	0.028175	-0.006132	0.0163	-0.008786	-0.006026	0.012971	0.026638	0.01257	-0.03005	-0.003464	0.016951	0.011766	-0.01025	-0.006731	-0.038662	-0.003479	-0.006429	0.016852	-0.01217	-0.003525	-0.01058	0.008578	0.016588	0.036043	0.010854	0.005825	-0.007113	-0.008534	0.012514	0.015638	0.002752	0.035407	-0.038253	0.022073	0.008259	-0.00564	-0.035297	-0.019093	-0.007143	0.029349	0.006275	-0.007364	-0.05458	-0.010581	-0.013415	-0.014117	0.004179	-0.000769	0.006574	0.002555	0.027287	0.00091	-0.000434	-0.015386	-0.002296	0.00518	0.032395	-0.011089	0.025179	0.005653
2018	embed	8.891883	22.526421	-0.023443	0.008966	-0.001891	-0.012746	0.016281	-0.01691	-0.006596	-0.000584	0.016986	0.011207	0.007919	0.019176	0.013271	-0.002493	0.009907	-0.000955	0.002167	0.002348	-0.013543	-0.000249	-0.0069	-0.037817	-0.022711	0.006917	0.008774	-0.017059	-0.008454	-0.00161	0.02995	-0.02298	0.00474	0.026791	0.016587	0.00853	-0.007177	0.014528	0.005514	0.002365	-0.005776	-0.001154	0.01888	-0.025419	-0.007503	0.004381	-0.021119	0.00323	0.004354	0.0071	-0.035871	-0.025001	-0.009132	0.002579	-0.013417	0.006385	0.008517	-0.009754	-0.015316	0.001405	0.001756	-0.002327	0.01242	-0.011219	-0.030463	0.003911	0.064829	0.008795	0.007162	0.000495	-0.036707	0.027548	0.013487	-0.006939	-0.020267	0.010777	0.015927	-0.010362	-0.013278	0.001647	0.009337	-0.012741	-0.003706	0.000988	-0.00212	-0.009777	0.007868	-0.016872	-0.017782	-0.025293	0.042589	0.003289	-0.003751	-0.003042	0.022564	-0.00087	0.000571	0.02264	0.000397	-0.002137	0.007385	0.031246	-0.011066	0.016918	-0.014698	-0.029221	0.003041	-0.017175	0.002134	-0.000402	-0.001312	-0.011593	-0.01829	-0.010372	0.031099	0.007076	-0.006486	-0.003286	0.001007	0.015331	0.024872	-0.009663	0.007794	-0.003084	0.003689	-0.003146	0.008569	-0.00131	-0.019329	-0.0	-0.023617	0.013342	0.009923	-0.014873	-0.007091	0.007709	-0.024862	-0.011338	-0.024363	0.007286	0.003935	0.007793	0.027074	0.015829	0.041157	-0.018994	-0.007354	0.029519	0.031963	-0.007575	0.038248	-0.006443	0.001633	-0.023396	0.005191	-0.000438	0.013877	0.000682	0.026864	0.012597	-0.011788	0.024326	-0.006076	0.008693	-0.000391	0.047208	0.010508	-0.031172	0.010843	-0.031331	-0.025615	0.00145	-0.005256	-0.005648	0.000681	0.006291	0.009877	-0.007696	-0.028174	0.008826	0.004298	0.01755	-0.005007	-0.020691	0.015222	-0.018589	-0.014221	-7.5e-05	-0.009775	0.038576	-0.007221	-0.005863	-0.02708	0.010415	-0.034347	0.037677	-0.017411	-0.022516	0.010482	0.011293	-0.012154	0.017062	-0.019329	-0.007581	-0.003705	-0.019635	-0.012349	-0.000561	0.01637	-0.011397	-0.029677	-0.011786	0.004101	0.018084	0.017181	-0.020364	0.018644	0.004057	-0.024686	-0.007249	-0.025279	-0.019696	0.025247	0.024809	0.008169	-0.0	-0.041753	-0.028353	-0.004929	0.042781	-0.00255	-0.009706	-0.008428	-0.048143	0.001996	0.017476	-0.012013	-0.005895	-0.00062	0.011805	0.000281	-0.027009	0.003121	-0.023252	0.015583	-0.006915	0.021332	0.032044	-0.026382	0.042325	0.007999	0.016161	-0.040569	-0.007477	0.007429	0.006861	-0.028504	-0.0348	-0.028236	-0.020719	-0.012546	0.012293	0.004451	0.009445	-0.005639	0.004582	0.008931	-0.022909	-0.018802	-0.009827	0.00045	0.004842	0.012413	0.021195	0.007583	-0.00333	0.013612	0.007662	0.008392	0.006881	-0.034795	0.026417	0.012296	0.019079	0.03136	0.017121	0.001177	0.00726	0.003274	0.033421	0.02294	-0.010762	-0.007278	-0.003831	0.008116	-0.007653	0.036402	-0.010242	-0.045127	-0.003761	-0.009316	0.017771	0.018071	-0.00841	-0.008266	0.000759	-0.00254	0.004173	0.021335	-0.00685	0.007046	-0.019795	0.018426	-0.020309	0.005255	-8.5e-05	-0.032882	0.002025	0.00012	0.005209	-0.027193	-0.0	-0.011549	-0.024692	0.011424	0.009263	0.018116	-0.008998	0.021335	-0.003101	-0.013022	0.011455	0.034937	0.011675	-0.01891	0.0065	0.023705	0.012518	-0.010963	-0.005243	-0.0423	0.000987	0.000111	0.019213	-0.021207	-0.011836	-0.015575	0.008168	0.007007	0.025759	0.009088	0.01785	-0.000917	0.002804	0.012858	0.023883	0.003804	0.029367	-0.031119	0.021208	0.016732	-0.006301	-0.025734	-0.009923	-0.011607	0.02547	0.008511	-0.010608	-0.04419	-0.008218	-0.008669	-0.014021	0.002086	-0.001345	-0.001591	-0.005064	0.029147	-0.007393	0.002811	-0.015057	-0.011545	0.008353	0.032138	-0.002839	0.024869	0.010618
2019	embed	8.431994	24.12722	-0.025499	0.010951	-0.018241	-0.010068	0.003657	-0.00821	-0.000695	-0.00211	0.017596	0.008231	0.010888	0.015464	0.021371	0.003365	0.008616	0.002326	0.000239	-0.002323	-0.018893	0.000368	-0.00771	-0.04687	-0.018199	0.004502	0.016729	-0.010436	-0.007149	-0.008331	0.020414	-0.018742	0.003539	0.027833	0.014774	0.006746	-0.014453	0.015913	0.008702	0.006357	-0.012274	-0.008334	0.006844	-0.030199	-0.011045	-0.000175	-0.01639	0.003401	0.009197	0.012477	-0.024296	-0.02459	-0.009245	-0.002728	-0.016026	0.01189	0.009925	-0.021346	-0.01201	0.001668	-0.003948	0.000669	0.010179	0.001555	-0.02802	0.012707	0.05368	0.012454	0.000678	-0.003278	-0.031886	0.019828	0.015166	-0.003516	-0.02025	0.00275	0.022793	-0.00677	-0.00741	-0.007467	0.013601	-0.000911	0.005122	-0.00222	0.004473	0.002178	0.00854	-0.01074	-0.016663	-0.023677	0.026458	-0.006851	-0.015631	0.009274	0.040268	-0.001204	-0.00236	0.005057	0.004903	-0.001001	-0.000657	0.034404	-0.010584	0.021065	-0.003732	-0.034235	0.005682	-0.01423	0.004429	0.002125	0.001281	-0.005568	-0.01764	-0.013927	0.023896	0.004844	-0.004735	0.010214	-0.013722	0.020795	0.011752	-0.002579	0.012685	-0.00191	0.004683	0.000936	-0.001304	7.7e-05	-0.024983	-0.0	-0.024687	0.014528	0.016613	-0.004853	-0.0052	0.005791	-0.018486	-0.004692	-0.018925	0.006322	0.00604	0.021095	0.033683	0.029625	0.045719	-0.020517	-0.004307	0.033323	0.026453	-0.00367	0.039122	-0.018001	0.006448	-0.01103	0.024257	0.001559	0.01435	-0.002926	0.033478	0.01231	-0.013351	0.020296	-0.006709	-0.0014	0.005757	0.037955	0.010958	-0.033979	0.009793	-0.029608	-0.017664	0.001599	-0.004137	-0.006794	-0.000777	0.007784	0.008546	-0.005962	-0.025647	0.012205	-0.003793	0.024255	-0.012522	-0.013787	0.014588	-0.023025	-0.016386	0.001187	-0.007919	0.02353	-0.005866	-0.001242	-0.02134	0.007873	-0.038542	0.035035	-0.012543	-0.028388	0.007096	0.019892	-0.017212	0.015111	-0.013486	-0.006513	-0.013544	-0.021603	-0.008529	-0.00137	0.022071	-0.003101	-0.018839	-0.019171	0.015971	0.006236	0.006356	-0.014981	0.011044	-0.001153	-0.030143	-0.00752	-0.018657	-0.00867	0.013782	0.016888	0.005546	-0.0	-0.049664	-0.024443	-0.015754	0.028003	0.004738	-0.002599	-0.001875	-0.044949	0.010642	0.026286	-0.009655	-0.007668	0.004961	0.003098	0.008213	-0.029306	0.000567	-0.005957	0.002059	-0.004774	0.017417	0.034172	-0.020483	0.032369	0.011084	0.017852	-0.033042	-0.026089	0.008062	0.014076	-0.02504	-0.032482	-0.04167	-0.022961	-0.018558	0.003016	0.004347	0.009698	-0.011889	-0.005075	0.009545	-0.01752	-0.016574	-0.004406	-0.000844	5e-06	0.007073	0.016505	0.018061	-0.002896	0.006271	0.000834	0.008268	0.000553	-0.025593	0.022634	0.007408	0.012654	0.03202	0.003427	-0.008519	-0.000776	0.005596	0.032505	0.017634	-0.011936	-0.007309	0.008485	0.002386	-0.003109	0.039047	-0.0056	-0.029406	-0.000814	-0.01633	0.018914	0.002344	-0.003913	-0.010802	0.003027	0.010428	0.004195	0.030239	-0.00933	0.010052	-0.020124	0.025242	-0.016825	-0.007238	0.000709	-0.025851	0.003122	0.00242	0.010746	-0.008665	-0.0	-0.000969	-0.018174	0.009418	0.003528	0.018266	-0.009085	0.008407	-0.004155	-0.011934	0.008293	0.021095	0.01919	-0.020776	0.006169	0.020188	0.009245	-0.006209	-0.017508	-0.039614	-0.007977	-0.003772	0.011135	-0.018319	-0.009558	-0.012006	0.011757	0.0027	0.023757	0.010662	0.014268	-0.003414	-0.007804	0.004813	0.012079	0.007954	0.025832	-0.023213	0.019992	0.005552	-0.012908	-0.026739	-0.014675	-0.001354	0.030593	0.010214	-0.002684	-0.039243	-0.01459	-0.015741	-0.012209	-0.00267	-0.003839	0.000669	-0.006616	0.025649	0.003325	0.000316	-0.010021	-0.000826	0.008519	0.028141	-0.006104	0.024559	0.010195
2020	embed	7.788479	24.718014	-0.011013	0.011316	-0.008824	-0.010054	0.015399	-0.017625	0.003036	0.003594	0.01584	0.0101	0.013648	0.016495	0.022825	0.007833	0.007601	-0.000812	-0.002801	-0.004655	-0.02042	6.4e-05	-0.014402	-0.046681	-0.015403	0.009402	0.003187	-0.001372	-0.009178	-0.006185	0.014376	-0.019922	-0.000446	0.040817	0.012753	0.009005	-0.016116	0.014453	0.005126	0.008961	-0.00167	-0.015326	0.001851	-0.026353	-0.001641	-0.006252	-0.021982	-0.003955	0.010522	0.009406	-0.029093	-0.030941	-0.000439	-0.002321	-0.014885	0.011733	0.000731	-0.018385	-0.016546	0.002679	0.00567	0.000373	0.013122	0.002184	-0.028626	0.010411	0.058562	0.004414	0.002953	0.001075	-0.040355	0.023905	0.023481	-0.018569	-0.015809	-0.004059	0.021893	0.001191	-0.008989	-0.001238	0.016281	-0.000911	0.010744	0.000715	0.008071	-0.005289	0.020484	-0.014098	-0.009869	-0.03284	0.038101	-0.006567	-0.00973	0.01086	0.041781	0.004892	0.005028	0.004703	0.002198	0.001055	-0.008248	0.038223	-0.008009	0.018126	-0.015064	-0.038739	0.012138	-0.010044	0.007303	-0.003317	0.011986	-0.004072	-0.024366	-0.005053	0.024285	0.003463	-0.007657	0.006211	-0.008213	0.026868	0.009558	0.009472	0.014059	0.002062	-0.000502	0.001323	-0.000927	-0.002138	-0.030879	-0.0	-0.023955	0.004119	0.008027	-0.001473	-0.00253	0.00379	-0.028152	-0.007608	-0.01558	-0.003829	0.003565	0.019241	0.037942	0.029165	0.030236	-0.025988	-0.01603	0.029135	0.032741	-0.012059	0.027814	-0.019426	0.010852	-0.005122	0.020376	-0.002838	0.009891	0.002542	0.038553	0.013258	-0.008632	0.026137	0.000942	6.7e-05	-0.000368	0.041544	0.021421	-0.035132	0.011281	-0.025714	-0.034004	0.009957	-0.008971	-0.013837	0.007836	0.009786	0.015248	-0.007243	-0.042678	0.002254	-0.005872	0.022563	-0.010739	-0.010474	0.007927	-0.027393	-0.013155	-0.000465	-0.000885	0.020454	-0.005526	0.001768	-0.027652	0.006774	-0.039257	0.042304	-0.004058	-0.016644	-0.012836	0.023468	-0.015331	0.014004	-0.015958	0.004011	-0.018862	-0.018741	-0.004801	0.00594	0.033101	0.00521	-0.014873	-0.019045	0.020012	0.003003	0.000538	-0.004548	0.017728	-0.009083	-0.017721	0.000724	-0.017048	-0.017892	0.020951	0.020191	0.008168	-0.0	-0.058114	-0.019595	-0.012819	0.033261	0.008017	-0.008368	0.004085	-0.0513	0.014255	0.035223	-0.005892	-0.006637	0.003096	0.007563	0.005779	-0.041964	0.009707	0.005004	0.008834	-0.001584	0.030992	0.028841	-0.034357	0.028165	0.018134	0.027861	-0.041564	-0.02053	0.005477	0.008392	-0.021447	-0.021401	-0.038327	-0.02405	-0.018371	0.015973	0.00035	0.004015	-0.014501	-0.009639	0.010338	-0.015313	-0.022741	-0.005159	-0.009352	-0.008162	0.020066	0.013459	0.011433	-0.014556	0.013001	0.003144	0.007875	0.000802	-0.02216	0.021274	0.009227	0.010486	0.022819	0.008788	-0.008397	0.004772	-0.004678	0.032282	0.0207	-0.010809	-0.01221	0.016812	0.010888	-0.008614	0.037536	-0.000914	-0.032434	-0.008535	-0.008695	0.020103	0.001127	-0.003222	-0.010297	0.006405	0.005971	-0.006353	0.025018	-0.011649	0.006285	-0.014105	0.017633	-0.017342	-0.004395	0.004322	-0.039341	-0.017443	0.003198	0.014658	-0.003041	-0.0	0.001622	-0.022947	0.006895	0.008098	0.023026	-0.005448	0.005859	-0.001573	-0.013803	0.015193	0.025311	0.012969	-0.020564	0.004904	0.013836	0.014665	-0.017524	-0.02054	-0.037254	-0.007085	0.003344	0.009778	-0.01977	-0.012166	-0.012583	0.015987	-0.006175	0.036213	-0.011298	0.003053	-0.011006	-0.018405	-0.008462	0.01118	0.002275	0.03161	-0.029046	0.013634	0.016444	-0.013593	-0.034131	-0.01042	0.004914	0.03569	-0.002294	-0.008896	-0.047151	-0.006379	-0.011742	-0.032233	0.006892	-0.00441	0.006055	0.004988	0.035344	-0.001535	0.00117	-0.001981	-0.013985	0.00957	0.028532	-0.021808	0.016955	0.002668
2021	embed	8.611193	25.095474	-0.017759	0.011388	-0.01347	-0.010463	0.019211	-0.016042	-0.006087	0.005916	0.016215	0.011638	0.00818	0.021122	0.01632	0.006492	0.00966	-0.008978	-0.001159	-0.00842	-0.012746	0.006776	-0.017194	-0.050426	-0.011589	0.009464	0.005159	-0.012211	-0.009194	-0.003084	0.009543	-0.017986	0.005125	0.036151	0.013792	0.008426	-0.015314	0.017464	0.006873	0.006903	-0.005127	-0.02527	0.01652	-0.032185	-0.009462	-0.001076	-0.018537	0.000977	0.006614	0.006735	-0.03041	-0.0258	-0.005464	-0.012736	-0.008417	0.00618	0.000867	-0.013256	-0.014431	-0.004588	0.005214	0.001545	0.019258	0.001105	-0.029851	0.012039	0.058275	0.015336	0.005055	0.008623	-0.033271	0.020966	0.027201	-0.017519	-0.027817	0.001738	0.016116	-0.002808	-0.006703	1.9e-05	0.014442	-0.004676	0.000846	0.003416	-0.000458	-0.005792	0.007394	-0.009178	-0.012712	-0.030957	0.028305	-0.010359	-0.004098	0.008255	0.036484	-0.002104	-0.003392	0.007677	-0.001725	0.00064	-0.003816	0.031069	-0.008794	0.021646	-0.009409	-0.038111	0.007698	-0.010115	-3.6e-05	-0.006004	0.01013	0.003521	-0.023918	-4.5e-05	0.023841	0.009761	-0.010798	0.013235	-0.024746	0.020614	0.010777	0.007014	0.014568	0.004345	-0.001281	-0.006661	-0.000745	-0.001475	-0.026657	-0.0	-0.025703	0.007232	0.007635	-0.00418	-0.000129	0.007799	-0.0217	-0.009312	-0.019311	0.002282	0.00401	0.018667	0.03	0.023542	0.040559	-0.025559	-0.016371	0.032183	0.034427	-0.003641	0.032481	-0.020097	0.011906	-0.01775	0.024013	-0.002572	0.010374	0.000342	0.040141	0.011199	-0.00699	0.016164	-0.003916	0.005141	0.00152	0.050352	0.009353	-0.04037	0.007304	-0.032505	-0.024119	0.007779	-0.016825	-0.002684	-0.000361	0.016862	0.012351	-0.015222	-0.03162	0.010536	-0.001161	0.022231	-0.016139	-0.019666	0.007492	-0.02836	-0.014363	-0.008233	-0.007953	0.018227	-0.007554	-0.006361	-0.029262	0.008988	-0.037834	0.04625	-0.006102	-0.017222	-0.005139	0.018383	-0.010974	0.011475	-0.016971	0.000827	-0.017758	-0.013907	-0.004726	0.006699	0.02681	0.002279	-0.013377	-0.023189	0.016214	0.010413	0.016576	-0.006829	0.01643	-0.000853	-0.019647	-0.001842	-0.017688	-0.018549	0.022009	0.02177	0.006588	-0.0	-0.054639	-0.032585	-0.012617	0.032697	0.00439	-0.000826	-0.006437	-0.043603	0.006111	0.021538	-0.01625	-0.002512	0.015888	0.010019	0.000128	-0.041208	0.009168	-0.007827	0.008087	-0.006678	0.024795	0.039618	-0.024311	0.043191	0.010369	0.020204	-0.043714	-0.020697	0.002573	0.004898	-0.016937	-0.033503	-0.036934	-0.020101	-0.013331	0.007387	0.007087	0.01198	-0.012171	0.002306	0.00974	-0.019828	-0.025234	-0.012226	-0.012181	0.002783	0.010059	0.016365	0.016326	-0.002666	0.013972	0.006499	0.012017	-0.004353	-0.031209	0.02775	0.015991	0.011188	0.027018	0.007268	-0.004536	0.007177	0.001734	0.030937	0.018066	-0.011353	-0.010846	0.004549	0.005384	-0.008858	0.039032	-0.004099	-0.034624	-0.001569	-0.006401	0.023852	0.003693	-0.007715	-0.007536	-0.002485	0.003017	0.007272	0.025737	-0.011973	0.018851	-0.016437	0.018247	-0.029411	-0.003332	0.001465	-0.037079	-0.010004	-0.001044	0.015434	-0.013564	-0.0	0.000552	-0.015318	0.014765	0.011323	0.02109	-0.00558	0.011701	-0.001814	-0.01031	0.020204	0.031026	0.013217	-0.029699	0.005145	0.014787	0.008147	-0.012448	-0.01045	-0.040633	0.000404	0.003093	0.017974	-0.021768	-0.011933	-0.006735	0.005537	0.003237	0.034814	-0.000102	0.009715	-0.009514	-0.01639	0.009671	0.018478	0.005419	0.0291	-0.026919	0.018184	0.011335	-0.011567	-0.028606	-0.010987	0.002857	0.033655	-0.006954	-0.013756	-0.047482	-0.002688	-0.002396	-0.018648	0.003721	-0.011428	0.008602	0.004796	0.038738	-0.001828	0.000117	-0.002571	-0.007822	0.009887	0.030417	-0.02486	0.023686	0.013259
2022	embed	8.734124	26.118465	-0.020894	0.005328	-0.015977	-0.014531	0.019975	-0.024981	-0.007027	0.005299	0.013734	0.001976	0.011421	0.021448	0.011751	0.012042	0.015259	-0.009407	0.005163	-0.010547	-0.013609	0.00807	-0.014224	-0.039084	-0.009538	0.008975	-0.002996	-0.012207	-0.005519	-0.004153	0.012885	-0.022735	0.003967	0.038647	0.011779	0.0102	-0.011694	0.020705	0.011288	0.008252	-0.010842	-0.025696	0.011766	-0.02787	-0.006819	-0.007967	-0.022154	-0.002709	0.00757	0.000473	-0.030835	-0.027167	0.000441	-0.020379	-0.010308	0.008812	-0.002402	-0.003743	-0.016625	-0.006579	-0.006283	-0.004445	0.015542	0.003317	-0.024915	0.014152	0.060349	0.017013	0.011248	0.022122	-0.033005	0.015891	0.010639	-0.018498	-0.020986	0.020267	0.007919	-0.004849	0.001364	-0.003242	0.009981	-0.008192	0.007212	0.009192	0.002761	0.001777	0.006271	-0.00467	-0.014255	-0.038301	0.021576	-0.007078	-0.004545	0.003519	0.049608	-0.00531	0.002963	0.006308	0.001033	0.003693	-0.007714	0.031029	-0.005189	0.022919	0.000615	-0.031303	0.001804	-0.011309	0.001293	-0.005301	0.012457	0.005764	-0.029934	-0.004453	0.015244	-0.006826	-0.012478	0.007863	-0.023564	0.01944	0.021545	0.002029	0.010855	0.000513	-0.004288	-0.006226	0.001175	0.003572	-0.026189	-0.0	-0.026103	0.012643	0.002779	-0.00187	-0.003184	0.007398	-0.024476	-0.007467	-0.020815	0.001978	0.004936	0.027916	0.026049	0.020865	0.038894	-0.021077	-0.014156	0.03117	0.037609	-0.001823	0.032089	-0.015412	0.008172	-0.019435	0.023963	-0.001534	0.015034	-0.002866	0.034009	0.011363	-0.006564	0.0131	-0.00934	0.006783	0.008298	0.048087	0.002007	-0.038287	0.013712	-0.037413	-0.019959	0.011881	-0.023217	0.005174	0.008558	0.020914	0.011289	-0.010504	-0.030564	0.002881	-0.003262	0.018894	-0.019356	-0.022397	0.009605	-0.029824	-0.009845	-0.003734	-0.001972	0.010751	-0.012683	-0.004891	-0.031187	0.012489	-0.027266	0.036371	-0.006492	-0.015425	-0.009263	0.011731	-0.01202	0.017038	-0.013936	0.00527	-0.021634	-0.014771	-0.008317	0.004908	0.026157	0.006255	-0.01235	-0.016846	0.008064	0.024232	0.013166	-0.009516	0.019486	-0.00208	-0.021164	0.008257	-0.018811	-0.013228	0.022404	0.021987	0.00494	-0.0	-0.042012	-0.029997	-0.017551	0.035659	0.006809	0.000302	-0.001123	-0.03012	0.002815	0.022841	-0.014106	-0.002977	0.013228	0.004451	0.006797	-0.035424	0.004043	-0.017054	0.007759	-0.003147	0.01926	0.033712	-0.034255	0.039321	0.009362	0.022434	-0.050073	-0.020334	-0.002657	0.008688	-0.016357	-0.023021	-0.035286	-0.021333	-0.023667	0.00572	0.001162	0.013583	-0.01583	-0.001474	0.004821	-0.010869	-0.027065	-0.013537	-0.011079	0.002788	0.000817	0.012801	0.015061	-0.00895	0.008877	0.001674	0.01066	-0.017786	-0.02801	0.027884	0.015659	0.01014	0.018145	0.007367	0.001148	0.003744	-0.001612	0.035962	0.012007	-0.013056	5.8e-05	0.013476	-0.007172	-0.010844	0.036536	-0.01656	-0.035777	-0.011704	-0.005586	0.016847	0.011631	-0.010826	-0.014416	-0.006575	0.002174	-0.000963	0.021141	-0.006123	0.023472	-0.011304	0.007346	-0.025494	0.001256	0.004938	-0.036134	-0.013845	-0.01246	0.02204	-0.01623	-0.0	-0.000424	-0.016697	0.020931	0.015115	0.012982	-0.005705	0.012195	0.001308	-0.008344	0.026869	0.019926	0.009016	-0.029638	0.010946	0.018545	0.013123	-0.009639	-0.007535	-0.039884	0.004561	0.001575	0.020234	-0.015571	-0.014539	-0.010215	0.004662	0.00763	0.026975	0.009776	0.013357	-0.008716	-0.001412	0.009091	0.020985	0.002988	0.024275	-0.030625	0.017307	0.008325	-0.01457	-0.023981	-0.004381	0.003987	0.036023	0.00291	-0.016252	-0.037428	-0.006217	0.00106	-0.01468	-0.001235	-0.007797	0.011202	0.009826	0.036875	-0.002458	0.002464	0.004697	-0.009371	0.013515	0.033725	-0.031214	0.020219	0.012606
2023	embed	9.635874	26.509144	-0.026513	0.010255	-0.012084	-0.014548	0.023012	-0.02029	-0.003885	0.002627	0.010578	0.004126	0.016539	0.020975	0.017827	0.006237	0.011175	-0.010364	0.004153	-0.020291	-0.010005	0.006689	-0.020241	-0.034681	-0.005517	0.007902	-0.007767	-0.008418	-0.004183	-0.004093	0.005267	-0.021012	0.010954	0.038136	0.006611	0.013244	-0.019669	0.014082	0.00667	0.011645	-0.008013	-0.028739	0.00197	-0.033675	-0.010972	-0.001525	-0.019325	0.001803	-0.001675	-0.002312	-0.030435	-0.024639	-0.008906	-0.017474	-0.010971	0.004661	-0.001621	-0.012182	-0.012161	-0.002819	-0.004178	0.007416	0.015674	-0.002761	-0.021972	0.014351	0.053581	0.022677	0.009605	0.00834	-0.022711	0.011151	0.009477	-0.013869	-0.021861	0.010597	0.012475	-0.003365	-0.008129	-0.007431	0.006864	-0.014646	0.0089	0.002167	0.002465	0.007292	0.010223	0.001303	-0.019888	-0.032758	0.014805	-0.006987	-0.00138	-0.005518	0.047249	-0.001563	0.010119	0.010448	0.002365	-0.006267	-0.011179	0.027405	-0.006655	0.025531	-0.006979	-0.028738	0.016222	-0.003796	0.011688	-0.006153	0.007581	0.000134	-0.019458	-0.004781	0.014674	-0.006843	-0.009646	0.0075	-0.013425	0.025557	0.020419	0.005481	0.010608	-0.000565	0.00318	-0.000912	0.005498	0.00554	-0.025702	-0.0	-0.01938	0.016203	0.001896	0.002402	-0.004361	0.003413	-0.027613	-0.006293	-0.016449	-0.005976	0.004266	0.023303	0.032297	0.023749	0.032767	-0.018504	-0.015291	0.04169	0.031632	0.001532	0.03105	-0.028694	0.015754	-0.015934	0.031889	0.00909	0.008882	-0.00681	0.040825	0.010657	-0.01619	0.022544	-0.013477	0.01105	0.011839	0.048213	0.003547	-0.041119	0.01079	-0.034174	-0.01415	0.019042	-0.022944	-0.011237	0.004554	0.015268	0.008837	-0.005883	-0.026461	0.002496	-0.009282	0.026734	-0.025305	-0.020282	0.00588	-0.029999	-0.007019	-0.002101	0.002168	0.016081	-0.009111	0.002386	-0.027953	0.008917	-0.020856	0.028557	-0.007039	-0.017922	-0.011835	0.013248	-0.015928	0.01105	-0.006562	0.001647	-0.022676	-0.013558	-0.006047	0.00324	0.028466	-0.003016	-0.012504	-0.016675	0.015367	0.01619	0.013955	-0.00971	0.01273	-0.008159	-0.030105	0.00962	-0.016075	-0.013529	0.022885	0.021232	-0.006948	-0.0	-0.054527	-0.031564	-0.023223	0.027856	0.002006	-0.005754	0.004253	-0.024879	-0.002041	0.029288	-0.008856	-0.001864	0.017532	-0.001233	0.009321	-0.038236	0.008081	-0.012994	0.002546	-0.000684	0.018538	0.028552	-0.027061	0.035254	0.015245	0.029579	-0.036361	-0.017948	-0.002363	-0.000844	-0.01711	-0.01858	-0.034882	-0.022392	-0.019378	0.006903	-0.001593	0.020754	-0.013683	0.00039	0.014098	-0.003218	-0.034094	-0.016395	-0.015361	0.003921	0.001162	0.018077	-0.000298	-0.006108	0.015947	0.000916	0.011063	-0.019163	-0.031333	0.026814	0.024269	0.005551	0.02525	0.009527	0.001808	-0.001113	0.002469	0.033961	0.014177	-0.017635	0.00278	0.015807	-0.010783	-0.005611	0.048989	-0.014248	-0.034729	-0.008526	0.010921	0.013579	0.004814	-0.017231	-0.019971	-0.010851	0.00491	-0.004223	0.025862	-0.004719	0.025531	-0.016678	0.005743	-0.021755	-0.006468	0.002625	-0.044001	-0.013361	-0.019601	0.018924	-0.019936	-0.0	-0.000956	-0.011727	0.022502	0.014978	0.019436	-0.001009	0.006682	0.008641	-0.010587	0.017563	0.018857	0.005795	-0.018531	0.012766	0.024037	0.015699	-0.009437	-0.019518	-0.043484	0.002454	0.000495	0.016015	-0.018611	-0.010599	-0.006893	0.006275	0.002706	0.034927	0.008324	0.005474	-0.018453	-0.013092	0.014875	0.022312	0.003761	0.028761	-0.024112	0.011853	0.00291	-0.009936	-0.024622	-0.000677	-0.002901	0.037832	0.005583	-0.012426	-0.037312	-0.013361	-0.004126	-0.011287	-0.001617	-0.015604	0.014194	0.022238	0.04102	0.001397	0.004151	0.000234	0.004565	0.016176	0.039635	-0.018919	0.010788	0.011193
2024	embed	9.119218	27.231398	-0.018044	0.007697	-0.016258	-0.012514	0.01862	-0.024288	-0.015182	0.00702	0.010568	0.002084	0.005273	0.020309	0.007525	0.005684	0.011682	-0.003784	0.001516	-0.011576	-0.015259	0.001662	-0.012479	-0.042804	-0.012352	0.007512	-0.002197	-0.002195	-0.012908	-0.004595	0.020603	-0.025841	0.0142	0.041155	0.015194	0.011512	-0.017018	0.01936	0.006201	0.006903	-0.008229	-0.021182	0.003966	-0.028193	-0.007492	0.000245	-0.015849	-0.00269	0.005857	-0.001786	-0.02854	-0.0252	-0.007891	-0.011114	-0.016048	0.00698	0.001933	-0.012864	-0.014498	-0.003483	-0.005352	0.002804	0.009642	-0.00301	-0.020662	0.015126	0.052575	0.016524	0.011555	0.010998	-0.024363	0.017702	0.00657	-0.009373	-0.028766	0.016107	0.016767	-0.000994	-0.006001	-0.004568	0.009191	-0.012409	0.001774	-0.00251	-0.00462	-0.004094	0.006438	-0.005739	-0.017993	-0.031042	0.017814	-0.013054	0.000461	-0.002032	0.036612	0.004576	0.008896	0.00841	-0.00224	-0.006948	-0.002785	0.027286	-0.004052	0.022602	-0.005239	-0.023992	0.001739	-0.016754	0.009548	0.002202	0.002629	-0.007261	-0.013781	-0.000753	0.015025	-0.007216	-0.006439	0.007155	-0.01673	0.024082	0.020073	0.010451	0.008419	0.001065	-0.000152	6.6e-05	0.004106	-0.000495	-0.031142	-0.0	-0.020148	0.012106	7.7e-05	0.00578	0.000286	0.009791	-0.021318	-0.004239	-0.014197	-0.002192	0.000292	0.024666	0.027609	0.02268	0.043418	-0.032152	-0.01292	0.037716	0.027034	-0.009273	0.028262	-0.015467	0.010156	-0.019551	0.02913	0.006125	0.018454	-0.004382	0.028916	0.013368	-0.014733	0.018577	-0.019024	0.009514	0.009002	0.048945	0.004054	-0.040448	0.013097	-0.0371	-0.016188	0.016191	-0.018857	-0.011569	0.002801	0.007778	0.013864	-0.007286	-0.033066	0.002412	-0.002049	0.026853	-0.016862	-0.022517	0.019149	-0.026231	-0.004214	-0.005131	0.002029	0.031775	-0.01102	0.003685	-0.028328	0.011099	-0.027009	0.042505	-0.003524	-0.018165	-0.001374	0.020019	-0.014979	0.009723	-0.005616	-0.001506	-0.016292	-0.015498	-0.005638	-0.00572	0.020581	-0.00372	-0.018118	-0.010286	0.010581	0.010365	0.010453	-0.014921	0.016806	-0.008315	-0.025139	0.002826	-0.019518	-0.017502	0.030228	0.013264	-0.000674	-0.0	-0.0494	-0.031812	-0.021363	0.037751	0.003684	-0.008098	0.00214	-0.034454	0.0019	0.020387	-0.009384	-0.000927	0.013619	-0.000679	-0.001184	-0.034669	0.006045	-0.018078	0.013562	0.00049	0.021915	0.035681	-0.024475	0.035539	0.011183	0.022489	-0.041968	-0.018663	0.003015	0.000229	-0.022566	-0.032058	-0.031798	-0.023579	-0.015392	0.00728	0.008954	0.017477	-0.00939	-0.002799	0.013433	-0.012071	-0.02785	-0.009425	-0.008682	0.002788	0.003217	0.0191	0.005723	-0.008929	0.007833	0.002627	0.0088	-0.012757	-0.024596	0.020648	0.011368	0.009438	0.01815	0.014205	0.003044	-0.000655	0.007223	0.026837	0.014426	-0.01581	-0.003534	0.00602	-0.015109	-0.005186	0.04108	-0.011551	-0.038441	0.000165	-0.007153	0.011342	0.009347	-0.019376	-0.011089	-0.002623	-0.00707	0.005667	0.020912	-0.002248	0.017241	-0.008638	0.005423	-0.01691	-0.00024	-0.000801	-0.037058	-0.00804	-0.014064	0.020418	-0.01899	-0.0	-0.002498	-0.015627	0.020821	0.012568	0.024249	-0.005605	0.00411	0.012578	-0.00571	0.013842	0.027522	0.006968	-0.022142	0.008578	0.032281	0.01915	-0.008231	-0.018582	-0.038974	0.006082	0.009265	0.018311	-0.011308	-0.011992	-0.008223	0.004756	0.004178	0.03169	0.008705	0.003958	-0.008436	-0.005821	0.016015	0.019595	0.008361	0.025403	-0.025879	0.02351	0.007348	-0.007118	-0.023921	-0.008564	0.004149	0.03681	0.00699	-0.007856	-0.044299	-0.008163	-0.010159	-0.012718	-0.000665	-0.006892	0.011024	0.015513	0.039056	0.00144	-0.002671	-0.005938	0.00071	0.017581	0.040633	-0.015702	0.0092	0.014293
2025	embed	8.395336	27.212486	-0.006641	0.001961	-0.011667	-0.016459	0.027927	-0.011633	-0.006729	0.002767	0.006179	0.009148	0.013192	0.021825	0.01043	0.00442	0.01023	-0.007369	0.003822	-0.018707	-0.023498	0.006195	-0.011269	-0.030834	-5e-06	0.005856	-0.010889	-0.005819	0.001287	-0.012895	0.014581	-0.015929	0.007567	0.040224	0.017084	0.011376	-0.013027	0.018757	0.004206	0.006676	-0.0008	-0.023257	0.004817	-0.03359	-0.005626	0.001558	-0.012254	-0.001572	0.00357	-0.00741	-0.024586	-0.029828	-0.019902	-0.014821	-0.012551	-0.006151	0.003429	-0.02359	-0.015882	0.000199	-0.002082	0.004956	0.010591	-0.011913	-0.019914	0.009942	0.05523	0.011143	0.004918	0.01775	-0.035055	0.015337	0.007178	-0.006898	-0.015971	0.0151	0.014347	-0.012237	-0.003813	0.000326	0.02209	-0.010203	0.017584	0.004341	-0.000475	0.006052	0.002527	-0.008221	-0.01605	-0.028127	0.030719	-0.006513	-0.015896	-0.003865	0.035368	0.004581	0.005394	0.009982	-0.0041	-0.010562	-0.007355	0.030126	-0.013257	0.016289	-0.001589	-0.020006	-0.002834	-0.016951	0.004086	-0.000245	0.006465	0.001149	-0.02254	-0.000801	0.017344	0.000816	0.004292	-0.006543	-0.009677	0.020025	0.017951	0.001554	0.008303	-0.008278	-0.005639	0.001495	0.005602	-0.002687	-0.034576	-0.0	-0.020952	0.008508	0.010581	0.010608	-0.00586	-0.001293	-0.028529	-0.004757	-0.006701	0.003387	0.001569	0.02847	0.019793	0.029865	0.050036	-0.019918	-0.021325	0.040006	0.020641	-0.006301	0.027714	-0.023902	0.011345	-0.018043	0.027284	-0.006189	0.013178	-0.005761	0.032241	0.009004	-0.007778	0.023327	-0.020415	-0.001482	0.007759	0.041007	-0.000462	-0.032257	0.014836	-0.018241	-0.022816	0.016509	-0.013427	-0.00662	0.020148	0.014309	0.017643	-0.014477	-0.042594	0.00397	-0.007688	0.028903	-0.010553	-0.026937	0.012784	-0.019363	-0.008117	0.000275	-0.00138	0.011111	-0.012779	-0.00137	-0.021312	0.015693	-0.016766	0.036086	-0.002001	-0.008646	0.001339	0.019588	-0.005988	0.006604	-0.018164	-0.008297	-0.022799	-0.006848	-0.003947	-0.004159	0.021815	-0.005895	-0.014772	-0.007537	0.010826	0.005993	0.019241	-0.005882	0.019413	-0.008507	-0.017019	0.011262	-0.025839	-0.015554	0.013104	0.022041	-0.017074	-0.0	-0.049104	-0.029339	-0.01946	0.02837	0.007449	-0.003569	-0.001662	-0.038912	0.008863	0.030882	-0.013673	-0.005781	0.01511	0.010454	0.002036	-0.034255	0.015468	-0.012975	-0.00645	-0.002788	0.018857	0.035816	-0.029853	0.03089	0.00484	0.021635	-0.049029	-0.019278	-0.00459	0.00119	-0.021099	-0.019311	-0.034579	-0.012215	-0.016682	0.012842	0.008276	0.002517	-0.013385	-0.001129	0.005126	-0.008998	-0.033575	-0.011978	-0.019362	-0.001394	0.003996	0.011034	0.000553	-0.00402	0.013964	0.005082	0.00243	-0.021543	-0.028206	0.012899	0.016838	-0.004137	0.015186	0.015858	0.001815	0.003209	-0.011568	0.02377	0.007316	-0.010964	0.002637	0.025007	-0.001108	-0.010789	0.041329	-0.014906	-0.039662	-0.002608	-0.015743	0.019067	0.013063	-0.005553	-0.015762	0.000734	0.007046	-0.01692	0.023897	-0.010128	0.009507	-0.001051	0.002834	-0.0218	-0.000836	0.00872	-0.048897	-0.01817	-0.016153	0.015192	-0.017999	-0.0	0.000614	-0.01377	0.023628	0.017935	0.014471	-0.00286	-0.000954	0.012172	-0.008841	0.020532	0.020642	0.004115	-0.011198	0.027028	0.026386	0.022684	-0.010001	-0.011939	-0.036773	0.007494	0.010166	0.020166	-0.014825	-0.0126	-0.005657	0.006141	-0.012799	0.020506	-0.00102	0.016933	-0.004479	-0.004418	-0.000688	0.019498	0.006086	0.017877	-0.015674	0.016484	0.008755	-0.011671	-0.019316	0.005027	0.008483	0.040432	0.002696	-0.013103	-0.038147	-0.006435	-0.004529	-0.011671	0.005277	-0.001547	0.012532	0.012102	0.042974	0.000374	0.003585	0.006409	-0.015621	0.02485	0.035533	-0.016313	0.011064	0.007219
2026	embed	9.905586	27.189451	-0.036855	0.005293	-0.015572	-0.015486	0.026498	-0.030978	-0.007063	0.006893	0.001803	0.006336	0.004877	0.012594	0.024425	0.001088	0.010816	-0.004572	0.010657	-0.015063	-0.008381	-0.00839	-0.018525	-0.029776	-0.002101	-0.001134	-0.01293	-0.001932	0.003252	-0.006799	0.006408	-0.024018	0.00579	0.034742	0.008547	0.018162	-0.007869	0.023736	0.004604	-0.003332	-0.01205	-0.028316	-0.012387	-0.028965	-0.002921	0.012361	-0.015046	0.002767	-0.002118	-0.0144	-0.027752	-0.025752	-0.035626	-0.010154	-0.011964	-0.000914	-0.012779	-0.01322	0.002111	0.008317	-0.004297	0.007759	0.012362	0.001212	-0.03439	0.020773	0.048859	0.029204	0.013627	0.002395	-0.004763	0.005828	-0.014584	-0.005992	-0.024521	0.037676	0.008197	-0.002747	-0.006791	-0.015299	0.015115	-0.015803	-0.015996	-0.005852	-0.00333	0.020481	0.019628	0.019571	-0.011962	-0.012875	0.031891	-0.003536	0.008996	-0.0259	0.026613	0.017106	0.018529	0.003633	0.003406	-0.016464	-0.022207	0.030835	-0.016267	0.007702	-0.002659	-0.031262	0.010719	0.004113	0.03009	-0.007342	0.014345	-0.009725	-0.010795	-0.006215	0.019735	0.003981	0.002725	0.00589	-0.018504	0.034369	0.015262	0.004753	0.004968	0.000766	0.006242	0.007342	0.01343	-0.011056	-0.018428	-0.0	-0.00238	0.022673	-0.003618	0.018216	0.00804	-0.000246	-0.009445	0.004416	-0.008601	0.009235	-0.000719	0.020065	0.020864	0.016108	0.036142	0.002177	-0.003343	0.032394	0.013779	-0.003883	0.042994	-0.038856	0.011733	-0.031858	0.030217	0.019884	0.016702	0.004855	0.042739	0.015231	-0.028109	0.005911	-0.022787	0.018249	0.014069	0.035916	-0.015242	-0.03762	0.007567	-0.019308	-0.008478	0.002093	-0.016999	-0.021181	0.013094	-0.006518	-0.012273	-0.010963	-0.022752	-0.001345	-0.006327	0.025956	-0.016508	-0.016357	0.005597	-0.015863	0.001461	0.008802	0.01565	0.050407	-0.01235	0.015684	-0.020984	-0.002052	-0.021715	0.017469	-0.0174	-0.006982	0.009968	0.015459	-0.027495	0.006598	-0.001794	0.005058	-0.019686	-0.025412	-0.007831	-0.00675	0.024607	-0.010317	0.001962	-0.003007	0.007275	0.021627	0.010371	-0.012389	-0.002096	-0.01145	-0.039301	0.02082	-0.014198	-0.020513	0.024176	0.021891	-0.023029	-0.0	-0.068203	-0.037698	-0.029983	0.045783	-0.021411	-0.011319	0.006142	-0.00721	-0.008164	0.020555	-1.7e-05	-0.00841	0.005812	-0.010718	0.009489	-0.031177	-0.003882	-0.022506	0.000665	0.0073	0.014652	0.04186	-0.034925	0.01504	0.016976	0.026767	-0.031798	0.00354	-0.002807	0.013172	0.004304	-0.007565	-0.044564	-0.015408	-0.011238	-0.00753	0.032947	0.032555	-0.010854	-0.002985	0.030303	-0.00224	-0.034049	-0.012826	-0.012305	-0.003299	-0.003725	0.009967	-0.002549	0.003099	0.023432	-0.022304	0.017949	-0.026184	-0.028165	0.01566	0.018794	0.007927	0.014969	0.011711	-0.005997	-0.017726	0.002299	0.015475	0.015416	-0.005098	-0.007884	0.038268	-0.006775	-0.008832	0.047533	-0.015868	-0.034886	0.005032	0.008052	-0.000998	0.007641	-0.02841	-0.024583	0.000748	0.020351	-0.009612	0.012476	0.011798	0.011339	-0.003557	0.008439	-0.022116	-0.006884	-0.008067	-0.041325	0.006608	-0.020262	0.024674	-0.019704	-0.0	0.002235	-0.020041	0.02836	0.014089	0.027678	0.003404	-0.01088	-0.006366	-0.00651	-0.015307	0.030472	-0.013964	-0.022201	0.007819	0.035098	0.014964	-0.007114	-0.017719	-0.038715	-0.009575	0.010793	0.016838	-0.011681	0.001683	-0.00069	0.006084	0.001295	0.038171	-0.008607	0.016437	-0.022817	-0.017072	0.022195	0.014942	0.004079	0.03634	-0.005831	-0.000936	0.015362	-0.015129	-0.018334	0.002987	-0.004364	0.033368	0.00242	-0.01487	-0.018911	-0.044759	-0.017505	-0.005717	0.005	-0.004917	0.005227	0.034729	0.032972	0.006529	-0.001143	-0.027732	-8e-05	0.041995	0.038085	0.009476	0.019857	0.00317
